{
  "1015 Folsom, S.F.": [-122.4079888, 37.7781159],
  "1234": [-122.261149, 37.8284424],
  "518 Valencia, S.F.": [-122.4243926, 37.7644923],
  "924 Gilman St, Berkeley": [-122.2993211, 37.8795371],
  "924 Gilman Street, Berkeley": [-122.2993211, 37.8795371],
  "Ace of Spades, Sacramento": [-121.493135, 38.569915],
  "Adobe Books, 3130 24th St., S.F.": [-122.4148131, 37.7526611],
  "Adobe Books, 3130 24th Street, S.F.": [-122.4148131, 37.7526611],
  "Alfresco Dining Park, 1435 Webster St., Alameda": [-122.2792674, 37.7725384],
  "Amado's, S.F.": [-122.4235618, 37.7570312],
  "Amnesia, 853 Valencia at 20th, S.F.": [-122.4233043, 37.75931],
  "Amnesia, S.F.": [-122.4233043, 37.75931],
  "Amoeba Music, S.F.": [-122.4548087, 37.768922],
  "Annex, 468 3rd Street, Oakland": [-122.2766342, 37.7972863],
  "Arc Pavilion, 232 Shields Ave., UC Davis": [-121.7592483, 15, 38.5427621],
  "Arena, Oakland": [-122.2030494, 37.7502917],
  "Armory, S.F.": [-122.422769, 37.767817],
  "Art House Gallery, Berkeley": [-122.2685227, 37.8564332],
  "Artist's Television Access, 992 Valencia St., S.F.": [
    -122.4236529, 37.7570751
  ],
  "Ashkenaz, Berkeley": [-122.2955208, 37.8801426],
  "August Hall, S.F.": [-122.409595, 37.7875662],
  "Bandshell, Golden Gate Park, S.F.": [-122.4707753, 37.7698584],
  "Bar Fluxus, 18 Harlan Place, S.F.": [-122.4072407, 37.7901782],
  "Bender's, S.F.": [-122.4194942, 37.7601859],
  "Bimbo's 365 Club, S.F.": [-122.4155251, 37.8037564],
  "Bistro, Hayward": [-122.1212929, 37.6499348],
  "Black Star Pirate BBQ, 1900 Stenmark, Richmond": [-122.4215612, 37.9624019],
  "Blue Lagoon, Santa Cruz": [-122.027686, 36.970585],
  "Blue Lamp Lounge, Sacramento": [-121.4674875, 38.5682409],
  "Blue Lamp, Sacramento": [-121.4674875, 38.5682409],
  "Blue Note, Napa": [-122.2877268, 38.2996992],
  "Boom Boom Room, S.F.": [-122.4353871, 37.7845853],
  "Bottom of the Hill, S.F.": [-122.3986239, 37.7649937],
  "Brick and Mortar, S.F.": [-122.4226282, 37.7697351],
  "Brick, S.F.": [-122.4226282, 37.7697351],
  "Cache Creek Casino Resort, Brooks": [-122.144335, 38.73433],
  "Cafe du Nord, S.F.": [-122.4304562, 37.7667174],
  "Cal Expo, Sacramento": [-121.4420192, 38.5897629],
  "Caravan Lounge, San Jose": [-121.8946633, 37.3329336],
  "Caravan, 98 Almaden Avenue, San Jose": [-121.8945418, 37.332982],
  "Caravan, 98 South Almaden Ave., San Jose": [-121.8946633, 37.3329336],
  "Catalyst Atrium, Santa Cruz": [-122.0259175, 36.9712949],
  "Catalyst, Santa Cruz": [-122.0281115, 36.9712992],
  "Chapel's Outdoor Stage, S.F.": [-122.421198, 37.760528],
  "Chapel, S.F.": [-122.421198, 37.760528],
  "Charles Krug Winery, Saint Helena": [-122.0208726, 36.9643146],
  "City Center Plaza Stage, Oakland": [-122.2737078, 37.8027722],
  "Civic Auditorium, S.F.": [-122.4196313, 37.778145],
  "Civic Center, 99 Grove Street, S.F.": [-122.4195095, 37.7780757],
  "Civic Center, S.F.": [-122.4195095, 37.7780757],
  "Classic Cars West, 411 26th Street, Oakland": [-122.2688007, 37.8149502],
  "Colonnade, Beach Boardwalk, Santa Cruz": [-122.0208726, 36.9643146],
  "Colony, 3512 Stockton Blvd., Sacramento": [-121.451807, 38.5425604],
  "Complex, Oakland": [-122.270321, 37.8042683],
  "Cornerstone, Berkeley": [-122.2671952, 37.8663488],
  "Crate, 420 14th Street, Oakland": [-122.2703209, 37.8042683],
  "Crepe Place, Santa Cruz": [-122.010885, 36.9794485],
  "Crest Theater, Sacramento": [-121.4934595, 38.5792338],
  "Crybaby, Oakland": [-122.2716684, 37.8085826],
  "DNA Lounge, S.F.": [-122.4126746, 37.7710559],
  "Eagle, S.F.": [-122.4133666, 37.7700044],
  "El Rey Theater, Chico": [-121.8441985, 39.7295038],
  "El Rey Theatre, 230 West 2nd St., Chico": [-121.8442275, 39.72944],
  "El Rio, S.F.": [-122.4216143, 37.7468],
  "Elbo Room, Oakland": [-122.2781117, 37.797147],
  "Elbo Room, S.F.": [-122.4215391, 37.7625099],
  "Eli's Mile High Club, Oakland": [-122.269671, 37.825786],
  "Eli's, Oakland": [-122.269671, 37.825786],
  "Empress Theater, Vallejo": [-122.2593931, 38.1022401],
  "Felton Music Hall, 6275 Hwy 9, Felton": [-122.0756639, 37.0525798],
  "Fillmore, S.F.": [-122.4352607, 37.7839302],
  "First Church of the Buzzard, 2601 Adeline, Oakland": [
    -122.2832775, 37.8189917
  ],
  "Fox Theater, Oakland": [-122.2722522, 37.8080016],
  "Fox Theatre, 2215 Broadway, Redwood City": [-122.2317827, 37.4863262],
  "Frank Ogawa Plaza, Downtown Oakland": [-122.2742628, 37.8055351],
  "Freight": [-122.2695846, 37.8708514],
  "Frost Amphitheater, Stanford University": [-122.1682155, 37.4307265],
  "Golden 1 Center, Sacramento": [-121.5018131, 38.5806415],
  "Golden Bull, Oakland": [-122.2724634, 37.8042002],
  "Goldfield Trading Post, Sacramento": [-121.4842233, 38.5775758],
  "Great American Music Hall, S.F.": [-122.4210104, 37.784807],
  "Great Northern, 119 Utah at 15th, S.F.": [-122.406567, 37.7676388],
  "Great Northern, S.F": [-122.4086943, 37.7674736],
  "Greek Theater, UC Berkeley Campus": [-122.2566602, 37.8735759],
  "Harlow's, Sacramento": [-121.4701893, 38.573828],
  "Hatch, 402 15th Street, Oakland": [-122.2717416, 37.8050561],
  "Hemlock, S.F.": [-122.420301, 37.787356],
  "Hole, 27th and San Pablo Avenue, Oakland": [-122.2758291, 37.8176894],
  "Holland Project Show Space, 140 Vesta Street, Reno, NV": [
    -119.80367, 39.509635
  ],
  "Holy Diver, Sacramento": [-121.4809582, 38.5701128],
  "Honey Hive Gallery, 4117 Judah Street, S.F.": [-122.5063551, 37.7601905],
  "Hopmonk Tavern, Novato": [-122.5556368, 38.0885502],
  "Hotel Utah, S.F.": [-122.4002777, 37.7793954],
  "House of Rock, 3410 Industrial Drive, Santa Rosa ": [
    -122.7399509, 38.476633
  ],
  "Independent Brewing Company, Oakland": [-122.2712694, 37.796432],
  "Independent, S.F.": [-122.4372834, 37.7767254],
  "Institute for Integral Studies, 1453 Mission Street, S.F.": [
    -122.4185198, 37.7746224
  ],
  "Ivy Room, Albany": [-122.299261, 37.890476],
  "Ivy Room, S.F.": [-122.301455, 37.890476],
  "Jack London Elbo Room, Oakland": [-122.2758107, 37.7970755],
  "Jazzschool, 2087 Addison Street, Berkeley": [-122.2709651, 37.8712507],
  "Joy Gallery, 4921 3rd Street, S.F.": [-122.3911811, 37.733242],
  "Knockout, S.F.": [-122.4221129, 37.7451999],
  "Lagunitas Brewery, Petaluma": [-122.6648443, 38.2721014],
  "Legionnaire Saloon, Oakland": [-122.2708187, 37.8123826],
  "Lobot Gallery, 1800 Campbell St., Oakland": [-122.2948787, 37.814835],
  "Local, 1333 Park Street, Alameda": [-122.2482668, 37.7633498],
  "Longboard Margarita Bar, Pacifica": [-122.4903071, 37.6332222],
  "Lost Church, 65 Capp, S.F.": [-122.418409, 37.765783],
  "Luther Burbank Center, Santa Rosa": [-122.7517264, 38.4932027],
  "Main Lawn, Montgomery Street, Presidio, S.F.": [-122.4605586, 37.8005395],
  "Maltese, 1600 Park Avenue, Chico": [-121.8271249, 39.7212474],
  "Masonic, S.F": [-122.4153748, 37.7912915],
  "Masonic, S.F.": [-122.4153747, 37.791287],
  "McKay's Taphouse, 252 Main Street, Pleasanton": [-121.8790376, 37.6581254],
  "Memorial Auditorium, 1515 J Street, Sacramento": [-121.4879175, 38.5788426],
  "Merchants Saloon, 401 2nd Street, Oakland": [-122.2775095, 37.7954984],
  "Merchants Saloon, Oakland": [-122.2775959, 37.7955035],
  "Metro, Oakland": [-122.2777909, 37.797058],
  "Mezzanine, S.F.": [-122.4102674, 37.7825541],
  "Michael's On Main, 2591 S Main Street, Soquel": [-121.9579167, 36.9850943],
  "Middle Harbor Shoreline Park, Oakland": [-122.3229787, 37.8052576],
  "Midway Patio, S.F.": [-122.3882305, 37.7494886],
  "Midway, S.F.": [-122.3882305, 37.7494886],
  "Milk Bar, 1840 Haight St., S.F.": [-122.4548054, 37.7695363],
  "Milk Bar, S.F.": [-122.4548054, 37.7695363],
  "Miniplex, 900 Samoa Blvd., Arcata": [-124.0917351, 40.8656268],
  "Moe's Alley, Santa Cruz": [-121.9850901, 36.987742],
  "Monarch, 101 6th Street, S.F.": [-122.410645, 37.7810082],
  "Montbleu Resort, 55 Highway 50, Stateline NV": [-119.9412362, 38.9612432],
  "Mountain Winery, Saratoga": [-122.0668887, 37.2601598],